happiness_rank,country,happiness_score,happiness_gdp_contribution,social_support,happiness_life_exp_contribution,freedom,generosity,corruption_perception,continent,year,life_expectancy,hdi,co2_per_capita,gdp_per_capita,service_workers_pct
1,Finland,7.632,1.305,1.592,0.874,0.681,0.202,0.393,Europe,2018,81.8,0.937,8.52,45600.0,74.0
2,Norway,7.594,1.456,1.582,0.861,0.686,0.286,0.34,Europe,2018,82.8,0.956,8.31,76000.0,78.4
3,Denmark,7.555,1.351,1.59,0.868,0.683,0.284,0.408,Europe,2018,81.1,0.939,6.06,56600.0,78.9
4,Iceland,7.495,1.343,1.644,0.914,0.677,0.353,0.138,Europe,2018,84.0,0.946,10.8,57700.0,79.2
5,Switzerland,7.487,1.42,1.549,0.927,0.66,0.256,0.357,Europe,2018,83.9,0.955,4.33,88000.0,76.5
6,Netherlands,7.441,1.361,1.488,0.878,0.638,0.333,0.295,Europe,2018,81.7,0.942,9.48,47800.0,81.7
7,Canada,7.328,1.33,1.532,0.896,0.653,0.321,0.291,North America,2018,82.2,0.928,15.3,44800.0,78.9
8,New Zealand,7.324,1.268,1.601,0.876,0.669,0.365,0.389,Oceania,2018,81.8,0.928,7.34,40300.0,74.3
9,Sweden,7.314,1.355,1.501,0.913,0.659,0.285,0.383,Europe,2018,82.7,0.943,4.12,53000.0,80.1
10,Australia,7.272,1.34,1.573,0.91,0.647,0.361,0.302,Oceania,2018,82.9,0.943,16.9,58600.0,77.5
11,United Kingdom,7.19,1.244,1.433,0.888,0.464,0.262,0.082,Europe,2018,81.0,0.928,5.65,46200.0,80.8
12,Austria,7.139,1.341,1.504,0.891,0.617,0.242,0.224,Europe,2018,82.1,0.921,7.75,46300.0,70.9
13,Costa Rica,7.072,1.01,1.459,0.817,0.632,0.143,0.101,North America,2018,80.0,0.808,1.61,12500.0,67.9
14,Ireland,6.977,1.448,1.583,0.876,0.614,0.307,0.306,Europe,2018,82.0,0.951,8.09,72600.0,76.4
15,Germany,6.965,1.34,1.474,0.861,0.586,0.273,0.28,Europe,2018,81.2,0.946,9.14,43000.0,71.4
16,Belgium,6.927,1.324,1.483,0.894,0.583,0.188,0.24,Europe,2018,81.4,0.93,8.69,42400.0,77.9
17,Luxembourg,6.91,1.576,1.52,0.896,0.632,0.196,0.321,Europe,2018,82.9,0.913,15.9,104000.0,87.2
18,United States,6.886,1.398,1.471,0.819,0.547,0.291,0.133,North America,2018,79.0,0.925,16.6,59800.0,78.8
19,Israel,6.814,1.301,1.559,0.883,0.533,0.354,0.272,Asia,2018,83.0,0.916,7.67,37600.0,81.8
20,United Arab Emirates,6.774,2.096,0.776,0.67,0.284,0.186,,Asia,2018,73.7,0.889,21.4,39700.0,63.9
21,Czech Republic,6.711,1.233,1.489,0.854,0.543,0.064,0.034,Europe,2018,79.3,0.898,9.94,19700.0,59.7
22,Malta,6.627,1.27,1.525,0.884,0.645,0.376,0.142,Europe,2018,82.5,0.894,3.61,27100.0,80.4
23,France,6.489,1.293,1.466,0.908,0.52,0.098,0.176,Europe,2018,82.9,0.898,5.2,38300.0,77.3
24,Mexico,6.488,1.038,1.252,0.761,0.479,0.069,0.095,North America,2018,75.5,0.776,3.79,9950.0,61.1
25,Chile,6.476,1.131,1.331,0.808,0.431,0.197,0.061,South America,2018,80.1,0.849,4.59,13900.0,68.5
27,Panama,6.43,1.112,1.438,0.759,0.597,0.125,0.063,North America,2018,79.9,0.812,2.62,14900.0,67.0
28,Brazil,6.419,0.986,1.474,0.675,0.493,0.11,0.088,South America,2018,75.7,0.762,2.18,8580.0,70.6
29,Argentina,6.388,1.073,1.468,0.744,0.57,0.062,0.054,South America,2018,76.5,0.842,4.41,13100.0,78.0
30,Guatemala,6.382,0.781,1.268,0.608,0.604,0.179,0.071,North America,2018,72.4,0.657,1.07,4160.0,49.6
31,Uruguay,6.379,1.093,1.459,0.771,0.625,0.13,0.155,South America,2018,77.5,0.816,2.01,16000.0,72.4
32,Qatar,6.374,1.649,1.303,0.748,0.654,0.256,0.171,Asia,2018,76.1,0.845,38.0,59800.0,44.5
33,Saudi Arabia,6.371,1.379,1.331,0.633,0.509,0.098,0.127,Asia,2018,74.3,0.854,18.4,20100.0,72.7
34,Singapore,6.343,1.529,1.451,1.008,0.631,0.261,0.457,Asia,2018,84.7,0.936,7.1,61100.0,84.0
35,Malaysia,6.322,1.161,1.258,0.669,0.356,0.311,0.059,Asia,2018,75.2,0.805,8.08,11100.0,62.3
36,Spain,6.31,1.251,1.538,0.965,0.449,0.142,0.074,Europe,2018,83.1,0.905,5.75,27700.0,75.5
37,Colombia,6.26,0.96,1.439,0.635,0.531,0.099,0.039,South America,2018,80.1,0.764,1.96,6270.0,63.3
38,Trinidad and Tobago,6.192,1.223,1.492,0.564,0.575,0.171,0.019,North America,2018,74.8,0.795,31.3,16500.0,70.0
40,El Salvador,6.167,0.806,1.231,0.639,0.461,0.065,0.082,North America,2018,75.6,0.67,1.11,3920.0,61.1
41,Nicaragua,6.141,0.668,1.319,0.7,0.527,0.208,0.128,North America,2018,75.2,0.659,0.862,2090.0,52.9
42,Poland,6.123,1.176,1.448,0.781,0.546,0.108,0.064,Europe,2018,78.0,0.877,9.07,14300.0,58.6
43,Bahrain,6.105,1.338,1.366,0.698,0.594,0.243,0.123,Asia,2018,77.0,0.852,19.8,21700.0,63.6
44,Uzbekistan,6.096,0.719,1.584,0.605,0.724,0.328,0.259,Asia,2018,68.1,0.717,2.81,2900.0,50.6
45,Kuwait,6.083,1.474,1.301,0.675,0.554,0.167,0.106,Asia,2018,81.6,0.807,23.7,27500.0,76.0
46,Thailand,6.072,1.016,1.417,0.707,0.637,0.364,0.029,Asia,2018,78.3,0.772,4.15,6490.0,45.1
47,Italy,6.0,1.264,1.501,0.946,0.281,0.137,0.028,Europe,2018,83.1,0.89,5.58,31600.0,70.1
48,Ecuador,5.973,0.889,1.33,0.736,0.556,0.114,0.12,South America,2018,76.2,0.762,2.46,5950.0,52.6
49,Belize,5.956,0.807,1.101,0.474,0.593,0.183,0.089,North America,2018,74.4,0.714,1.5,4710.0,67.4
50,Lithuania,5.952,1.197,1.527,0.716,0.35,0.026,0.006,Europe,2018,76.1,0.876,4.84,16400.0,67.1
51,Slovenia,5.948,1.219,1.506,0.856,0.633,0.16,0.051,Europe,2018,81.4,0.912,6.95,23500.0,61.2
52,Romania,5.945,1.116,1.219,0.726,0.528,0.088,0.001,Europe,2018,75.5,0.823,3.8,10700.0,47.7
53,Latvia,5.933,1.148,1.454,0.671,0.363,0.092,0.066,Europe,2018,75.8,0.863,3.73,15500.0,69.4
54,Japan,5.915,1.294,1.462,0.988,0.553,0.079,0.15,Asia,2018,84.8,0.917,9.14,36200.0,72.1
55,Mauritius,5.891,1.09,1.387,0.684,0.584,0.245,0.05,Africa,2018,75.3,0.801,3.83,10300.0,69.7
56,Jamaica,5.89,0.819,1.493,0.693,0.575,0.096,0.031,North America,2018,76.3,0.734,2.79,5040.0,67.7
57,South Korea,5.875,1.266,1.204,0.955,0.244,0.175,0.051,Asia,2018,82.9,0.914,12.9,31000.0,69.8
58,Cyprus,5.835,1.229,1.211,0.909,0.495,0.179,0.154,Asia,2018,80.8,0.885,6.3,32000.0,81.2
59,Russia,5.81,1.151,1.479,0.599,0.399,0.065,0.025,Europe,2018,73.0,0.823,11.7,11900.0,67.3
60,Kazakhstan,5.79,1.143,1.516,0.631,0.454,0.148,0.121,Asia,2018,71.7,0.819,17.6,11100.0,63.4
61,Cyprus,5.762,1.229,1.191,0.909,0.423,0.202,0.035,Asia,2018,80.8,0.885,6.3,32000.0,81.2
62,Bolivia,5.752,0.751,1.223,0.508,0.606,0.141,0.054,South America,2018,71.8,0.714,1.96,3290.0,49.5
63,Estonia,5.739,1.2,1.532,0.737,0.553,0.086,0.174,Europe,2018,77.9,0.889,14.8,19700.0,67.1
64,Paraguay,5.681,0.835,1.522,0.615,0.541,0.162,0.074,South America,2018,76.5,0.727,1.07,5870.0,61.3
65,Peru,5.663,0.934,1.249,0.674,0.53,0.092,0.034,South America,2018,80.0,0.771,1.74,6570.0,56.8
67,Moldova,5.64,0.657,1.301,0.62,0.232,0.171,0.0,Europe,2018,74.0,0.746,1.27,3260.0,55.9
68,Turkmenistan,5.636,1.016,1.533,0.517,0.417,0.199,0.037,Asia,2018,70.6,0.71,13.7,7350.0,38.9
69,Hungary,5.62,1.171,1.401,0.732,0.259,0.061,0.022,Europe,2018,76.3,0.85,5.14,14400.0,62.7
70,Libya,5.566,0.985,1.35,0.553,0.496,0.116,0.148,Africa,2018,75.7,0.721,8.09,5910.0,58.6
71,Philippines,5.524,0.775,1.312,0.513,0.643,0.12,0.105,Asia,2018,71.6,0.711,1.27,3500.0,56.6
72,Honduras,5.504,0.62,1.205,0.622,0.459,0.197,0.074,North America,2018,71.9,0.633,1.04,2480.0,49.1
73,Belarus,5.483,1.039,1.498,0.7,0.307,0.101,0.154,Europe,2018,74.0,0.823,6.93,6140.0,58.1
74,Turkey,5.483,1.148,1.38,0.686,0.324,0.106,0.109,Asia,2018,78.1,0.817,5.2,12000.0,54.9
75,Pakistan,5.472,0.652,0.81,0.424,0.334,0.216,0.113,Asia,2018,65.5,0.552,1.05,1500.0,37.6
77,Portugal,5.41,1.188,1.429,0.884,0.562,0.055,0.017,Europe,2018,81.7,0.86,4.97,21000.0,69.1
78,Serbia,5.398,0.975,1.369,0.685,0.288,0.134,0.043,Europe,2018,75.6,0.803,5.17,6260.0,57.2
79,Greece,5.358,1.154,1.202,0.879,0.131,0.0,0.044,Europe,2018,81.0,0.881,7.03,18600.0,72.5
80,Lebanon,5.358,0.965,1.179,0.785,0.503,0.214,0.136,Asia,2018,76.2,0.747,3.53,7310.0,64.1
81,Montenegro,5.347,1.017,1.279,0.729,0.259,0.111,0.081,Europe,2018,75.6,0.826,3.2,7380.0,73.1
82,Croatia,5.321,1.115,1.161,0.737,0.38,0.12,0.039,Europe,2018,78.6,0.848,4.48,13300.0,66.3
83,Dominican Republic,5.302,0.982,1.441,0.614,0.578,0.12,0.106,North America,2018,72.9,0.751,2.34,8000.0,71.0
84,Algeria,5.295,0.979,1.154,0.687,0.077,0.055,0.135,Africa,2018,76.0,0.746,3.69,4160.0,59.6
85,Morocco,5.254,0.779,0.797,0.669,0.46,0.026,0.074,Africa,2018,73.1,0.68,1.84,3370.0,43.0
86,China,5.246,0.989,1.142,0.799,0.597,0.029,0.103,Asia,2018,77.4,0.755,7.06,9690.0,45.6
87,Azerbaijan,5.201,1.024,1.161,0.603,0.43,0.031,0.176,Asia,2018,70.8,0.754,3.7,5260.0,49.0
88,Tajikistan,5.199,0.474,1.166,0.598,0.292,0.187,0.034,Asia,2018,69.2,0.661,0.603,1120.0,38.8
90,Jordan,5.161,0.822,1.265,0.645,0.468,0.13,0.134,Asia,2018,77.9,0.728,2.42,4110.0,73.2
91,Nigeria,5.155,0.689,1.172,0.048,0.462,0.201,0.032,Africa,2018,63.8,0.534,0.65,2510.0,52.2
93,Bosnia and Herzegovina,5.129,0.915,1.078,0.758,0.28,0.216,0.0,Europe,2018,76.9,0.777,6.53,5380.0,52.1
94,Mongolia,5.125,0.914,1.517,0.575,0.395,0.253,0.032,Asia,2018,68.0,0.735,8.88,4240.0,52.5
95,Vietnam,5.103,0.715,1.365,0.702,0.618,0.177,0.079,Asia,2018,74.3,0.7,2.16,2460.0,34.7
96,Indonesia,5.093,0.899,1.215,0.522,0.538,0.484,0.018,Asia,2018,71.1,0.712,2.3,3730.0,48.1
97,Bhutan,5.082,0.796,1.335,0.527,0.541,0.364,0.171,Asia,2018,73.0,0.649,1.61,3100.0,33.6
99,Cameroon,4.975,0.535,0.891,0.182,0.454,0.183,0.043,Africa,2018,62.6,0.56,0.323,1380.0,41.4
100,Bulgaria,4.933,1.054,1.515,0.712,0.359,0.064,0.009,Europe,2018,73.3,0.813,6.32,7990.0,63.3
101,Nepal,4.88,0.425,1.228,0.539,0.526,0.302,0.078,Asia,2018,70.8,0.596,0.337,1020.0,20.1
103,Gabon,4.758,1.036,1.164,0.404,0.356,0.032,0.052,Africa,2018,67.5,0.697,2.53,7020.0,58.7
104,Palestine,4.743,0.642,1.217,0.602,0.266,0.086,0.076,Asia,2018,74.7,0.708,0.661,3420.0,62.4
105,South Africa,4.724,0.94,1.41,0.33,0.516,0.103,0.056,Africa,2018,64.4,0.707,8.1,5640.0,71.7
106,Iran,4.707,1.059,0.771,0.691,0.459,0.282,0.129,Asia,2018,77.6,0.785,8.81,5200.0,50.3
107,Cote d'Ivoire,4.671,0.541,0.872,0.08,0.467,0.146,0.103,Africa,2018,63.6,0.534,0.335,2250.0,46.1
108,Ghana,4.657,0.592,0.896,0.337,0.499,0.212,0.029,Africa,2018,65.8,0.606,0.615,1890.0,48.5
109,Senegal,4.631,0.429,1.117,0.433,0.406,0.138,0.082,Africa,2018,68.0,0.516,0.739,1360.0,56.1
111,Tunisia,4.592,0.9,0.906,0.69,0.271,0.04,0.063,Africa,2018,77.5,0.738,2.73,3950.0,52.3
112,Albania,4.586,0.916,0.817,0.79,0.419,0.149,0.032,Europe,2018,78.4,0.792,1.59,4430.0,43.0
113,Sierra Leone,4.571,0.256,0.813,0.0,0.355,0.238,0.053,Africa,2018,61.2,0.447,0.141,630.0,38.0
114,"Congo, Rep.",4.559,0.682,0.811,0.343,0.514,0.091,0.077,Africa,2018,65.0,0.573,0.617,1840.0,44.5
115,Bangladesh,4.5,0.532,0.85,0.579,0.58,0.153,0.144,Asia,2018,74.2,0.625,0.531,1500.0,39.8
116,Sri Lanka,4.471,0.918,1.314,0.672,0.585,0.307,0.05,Asia,2018,77.2,0.779,1.1,4160.0,46.6
117,Iraq,4.456,1.01,0.971,0.536,0.304,0.148,0.095,Asia,2018,73.3,0.671,5.32,4790.0,58.4
118,Mali,4.447,0.37,1.233,0.152,0.367,0.139,0.056,Africa,2018,61.2,0.431,0.187,802.0,29.3
119,Namibia,4.441,0.874,1.281,0.365,0.519,0.051,0.064,Africa,2018,64.7,0.645,1.75,4630.0,61.2
120,Cambodia,4.433,0.549,1.088,0.457,0.696,0.256,0.065,Asia,2018,69.7,0.585,0.64,1360.0,36.6
121,Burkina Faso,4.424,0.314,1.097,0.254,0.312,0.175,0.128,Africa,2018,61.3,0.443,0.198,719.0,47.7
122,Egypt,4.419,0.885,1.025,0.553,0.312,0.092,0.107,Africa,2018,70.7,0.701,2.43,3830.0,50.8
123,Mozambique,4.417,0.198,0.902,0.173,0.531,0.206,0.158,Africa,2018,57.9,0.452,0.281,603.0,21.0
124,Kenya,4.41,0.493,1.048,0.454,0.504,0.352,0.055,Africa,2018,66.1,0.599,0.36,1470.0,38.7
125,Zambia,4.377,0.562,1.047,0.295,0.503,0.221,0.082,Africa,2018,62.5,0.582,0.302,1370.0,39.3
126,Mauritania,4.356,0.557,1.245,0.292,0.129,0.134,0.093,Africa,2018,70.5,0.542,0.605,1500.0,50.7
127,Ethiopia,4.35,0.308,0.95,0.391,0.452,0.22,0.146,Africa,2018,68.4,0.478,0.137,757.0,23.5
128,Georgia,4.34,0.853,0.592,0.643,0.375,0.038,0.215,Asia,2018,73.3,0.805,2.64,4540.0,46.9
129,Armenia,4.321,0.816,0.99,0.666,0.26,0.077,0.028,Asia,2018,75.6,0.771,1.89,4050.0,51.1
130,Myanmar,4.308,0.682,1.174,0.429,0.58,0.598,0.178,Asia,2018,69.1,0.579,0.491,1350.0,34.6
131,Chad,4.301,0.358,0.907,0.053,0.189,0.181,0.06,Africa,2018,59.9,0.397,0.0656,659.0,22.7
132,"Congo, Dem. Rep.",4.245,0.069,1.136,0.204,0.312,0.197,0.052,Africa,2018,64.7,0.478,0.0243,507.0,25.5
133,India,4.19,0.721,0.747,0.485,0.539,0.172,0.093,Asia,2018,70.5,0.642,1.96,1920.0,31.7
134,Niger,4.166,0.131,0.867,0.221,0.39,0.175,0.099,Africa,2018,62.0,0.391,0.103,514.0,20.4
135,Uganda,4.161,0.322,1.09,0.237,0.45,0.259,0.061,Africa,2018,65.7,0.538,0.135,872.0,21.0
136,Benin,4.141,0.378,0.372,0.24,0.44,0.163,0.067,Africa,2018,64.0,0.541,0.623,1160.0,42.6
137,Sudan,4.139,0.605,1.24,0.312,0.016,0.134,0.082,Africa,2018,70.1,0.506,0.504,2100.0,43.8
138,Ukraine,4.103,0.793,1.413,0.609,0.163,0.187,0.011,Europe,2018,73.9,0.774,5.09,3110.0,61.0
139,Togo,3.999,0.259,0.474,0.253,0.434,0.158,0.101,Africa,2018,64.5,0.51,0.434,613.0,47.4
140,Guinea,3.964,0.344,0.792,0.211,0.394,0.185,0.094,Africa,2018,60.6,0.473,0.256,921.0,32.9
141,Lesotho,3.808,0.472,1.215,0.079,0.423,0.116,0.112,Africa,2018,51.4,0.522,1.26,1110.0,41.6
142,Angola,3.795,0.73,1.125,0.269,0.0,0.079,0.061,Africa,2018,64.6,0.582,1.12,3600.0,42.1
143,Madagascar,3.774,0.262,0.908,0.402,0.221,0.155,0.049,Africa,2018,65.1,0.527,0.163,481.0,26.6
144,Zimbabwe,3.692,0.357,1.094,0.248,0.406,0.132,0.099,Africa,2018,60.6,0.569,0.85,1510.0,27.2
145,Afghanistan,3.632,0.332,0.537,0.255,0.085,0.191,0.036,Asia,2018,62.7,0.509,0.254,569.0,38.4
146,Botswana,3.59,1.017,1.174,0.417,0.557,0.042,0.092,Africa,2018,61.8,0.73,2.96,7170.0,61.9
147,Malawi,3.587,0.186,0.541,0.306,0.531,0.21,0.08,Africa,2018,64.1,0.478,0.0762,391.0,17.9
148,Haiti,3.582,0.315,0.714,0.289,0.025,0.392,0.104,North America,2018,63.5,0.508,0.27,1410.0,64.4
149,Liberia,3.495,0.076,0.858,0.267,0.419,0.206,0.03,Africa,2018,65.7,0.48,0.324,673.0,46.9
151,Rwanda,3.408,0.332,0.896,0.4,0.636,0.2,0.444,Africa,2018,68.3,0.54,0.0913,830.0,28.2
152,Yemen,3.355,0.442,1.073,0.343,0.244,0.083,0.064,Asia,2018,66.1,0.468,0.356,1290.0,61.5
153,Tanzania,3.303,0.455,0.991,0.381,0.481,0.27,0.097,Africa,2018,66.7,0.524,0.222,959.0,27.9
154,South Sudan,3.254,0.337,0.608,0.177,0.112,0.224,0.106,Africa,2018,63.0,0.429,0.171,,22.8
155,Central African Republic,3.083,0.024,0.0,0.01,0.305,0.218,0.038,Africa,2018,51.5,0.395,0.0651,413.0,23.4
156,Burundi,2.905,0.091,0.627,0.145,0.065,0.149,0.076,Africa,2018,63.4,0.431,0.0467,282.0,10.3
